
<?xml version="1.0" encoding="UTF-8"?>
<!DOCTYPE mapper PUBLIC "-//mybatis.org//DTD Mapper 3.0//EN"
        "http://mybatis.org/dtd/mybatis-3-mapper.dtd">
<mapper namespace="com.goktech.ops.sys.mapper.TMessagesMapper">

    <resultMap id="messageResultMap" type="com.goktech.ops.sys.entity.base.TMessage">
        <id property="id" column="id" />
        <result property="userId" column="user_id" />
        <result property="content" column="content" />
        <result property="time" column="time" />
        <result property="parentId" column="parent_id" />
        <result property="username" column="username" />
        <result property="avatar" column="avatar" />
        <association property="parentMessage" javaType="com.goktech.ops.sys.entity.base.TMessage">
            <id property="id" column="parent_id" />
            <result property="content" column="parent_content" />
            <result property="username" column="parent_username" />
        </association>
    </resultMap>

    <!-- 查询所有留言及回复 -->
    <select id="selectMessagesWithReplies" resultMap="messageResultMap">
        SELECT
        m.id,
        m.user_id,
        m.content,
        m.time,
        m.parent_id,
        u.username,
        u.avatar,
        pm.content AS parent_content,
        pu.username AS parent_username
        FROM t_message m
        LEFT JOIN t_user u ON m.user_id = u.id
        LEFT JOIN t_message pm ON m.parent_id = pm.id
        LEFT JOIN t_user pu ON pm.user_id = pu.id
        ORDER BY m.time DESC
    </select>

    <!-- 新增留言 -->
    <insert id="insertMessage" parameterType="com.goktech.ops.sys.entity.base.TMessage">
        INSERT INTO t_message (
        user_id,
        content,
        time,
        parent_id
        ) VALUES (
        #{userId},
        #{content},
        NOW(),
        #{parentId}
        )
    </insert>

    <!-- 根据ID删除留言 -->
    <delete id="deleteMessageById">
        DELETE FROM t_message WHERE id = #{id}
    </delete>
</mapper>